Rank,Word,POS,Semantics,Special,Person?,Object?,Entity?,Concept?,Event?,Number?,Plants?,Animals?,Location?,Time?,Process?,Action?,Quality?,Quantity?,"Superlative[0,0.3,0.6,1]","Negative/Neutral/Positive[-1,0,1]",Question,1st Person,2nd Person,3rd Person,Possession,Number,Ordinal,"Past/Present/Future[-1,0,1]","Singular/Plural[-1,1]",Male/Female,Concrete/Abstract
20,an,a,[a],1,,,,,,,,,,,,,,,,,,,,,,,,,,,
871,activities,n,"[activity], plural",,,,,,,,,,,,,,,,,,,,,,,,,,,,
659,added,v,[add],,,,,,,,,,,,,,,,,,,,,,,,,,,,
745,african,j,[africa],,,,,,,,,,,,,,,,,,,,,,,,,,,,
844,allowed,v,"[allow], past",,,,,,,,,,,,,,,,,,,,,,,,,,,,
112,american,n,"[america], person",,,,,,,,,,,,,,,,,,,,,,,,,,,,
384,announced,v,[announce],,,,,,,,,,,,,,,,,,,,,,,,,,,,
467,appeared,v,[appear],,,,,,,,,,,,,,,,,,,,,,,,,,,,
498,appointed,v,[appoint],,,,,,,,,,,,,,,,,,,,,,,,,,,,
746,approximately,r,[approximate],,,,,,,,,,,,,,,,,,,,,,,,,,,,
21,were,v,"[are], past",1,,,,,,,,,,,,,,,,,,,,,,,,,,,
475,areas,n,"[area], plural",,,,,,,,,,,,,,,,,,,,,,,,,,,,
607,arts,n,"[art], plural",,,,,,,,,,,,,,,,,,,,,,,,,,,,
915,artists,n,"[artist], plural",,,,,,,,,,,,,,,,,,,,,,,,,,,,
886,associated,v,"[associate], past",,,,,,,,,,,,,,,,,,,,,,,,,,,,
766,attended,v,[attend],,,,,,,,,,,,,,,,,,,,,,,,,,,,
650,australian,j,[australia],,,,,,,,,,,,,,,,,,,,,,,,,,,,
504,awards,n,[award],,,,,,,,,,,,,,,,,,,,,,,,,,,,
663,awarded,v,"[award], past",,,,,,,,,,,,,,,,,,,,,,,,,,,,
153,based,v,"[base], past",,,,,,,,,,,,,,,,,,,,,,,,,,,,
44,been,v,"[be], past",1,,,,,,,,,,,,,,,,,,,,,,,,,,,
95,being,v,"[be], present",1,,,,,,,,,,,,,,,,,,,,,,,,,,,
88,became,v,"[become], past",,,,,,,,,,,,,,,,,,,,,,,,,,,,
981,becoming,v,"[become], present",,,,,,,,,,,,,,,,,,,,,,,,,,,,
155,began,v,"[begin], past",,,,,,,,,,,,,,,,,,,,,,,,,,,,
724,beginning,v,"[begin], present",,,,,,,,,,,,,,,,,,,,,,,,,,,,
158,end,n,"[-beginning], noun",,0,0,,,,,0,0,0,0,0,0,0,0,0,0,,,,,,,,,,0,0
653,books,n,"[book], plural",,,,,,,,,,,,,,,,,,,,,,,,,,,,
768,brought,v,"[bring], past",,,,,,,,,,,,,,,,,,,,,,,,,,,,
224,british,j,[britain],,,,,,,,,,,,,,,,,,,,,,,,,,,,
207,built,v,"[build], past",,,,,,,,,,,,,,,,,,,,,,,,,,,,
753,buildings,n,"[building], plural",,,,,,,,,,,,,,,,,,,,,,,,,,,,
134,called,v,"[call], past",,,,,,,,,,,,,,,,,,,,,,,,,,,,
219,could,v,[can],,0,0,,,,,0,0,0,1,0,1,0,0,0,0,,,,,,,,,,0,0
804,canadian,j,[canada],,,,,,,,,,,,,,,,,,,,,,,,,,,,
794,championships,n,"[championship], plural",,,,,,,,,,,,,,,,,,,,,,,,,,,,
812,changed,v,"[change], past",,,,,,,,,,,,,,,,,,,,,,,,,,,,
972,changes,n,"[change], plural",,,,,,,,,,,,,,,,,,,,,,,,,,,,
711,chinese,j,[china],,,,,,,,,,,,,,,,,,,,,,,,,,,,
906,closed,v,"[close], past",,,,,,,,,,,,,,,,,,,,,,,,,,,,
341,came,v,[come],,,,,,,,,,,,,,,,,,,,,,,,,,,,
884,companies,n,"[company], plural",,,,,,,,,,,,,,,,,,,,,,,,,,,,
598,completed,v,[complete],,,,,,,,,,,,,,,,,,,,,,,,,,,,
454,considered,v,[consider],,,,,,,,,,,,,,,,,,,,,,,,,,,,
942,contains,v,"[contain], singular",,,,,,,,,,,,,,,,,,,,,,,,,,,,
426,continued,v,[continue],,,,,,,,,,,,,,,,,,,,,,,,,,,,
671,countries,n,"[country], plural",,,,,,,,,,,,,,,,,,,,,,,,,,,,
389,created,v,[create],,,,,,,,,,,,,,,,,,,,,,,,,,,,
432,days,n,"[day], plural",,,,,,,,,,,,,,,,,,,,,,,,,,,,
735,decided,v,"[decide], past",,,,,,,,,,,,,,,,,,,,,,,,,,,,
867,defeated,v,"[defeat], past",,,,,,,,,,,,,,,,,,,,,,,,,,,,
407,described,v,[describe],,,,,,,,,,,,,,,,,,,,,,,,,,,,
571,designed,v,[design],,,,,,,,,,,,,,,,,,,,,,,,,,,,
516,developed,j,[develop],,,,,,,,,,,,,,,,,,,,,,,,,,,,
261,died,v,[die],,,,,,,,,,,,,,,,,,,,,,,,,,,,
718,directed,v,"[direct], past",,,,,,,,,,,,,,,,,,,,,,,,,,,,
603,does,v,[do],,,,,,,,,,,,,,,,,,,,,,,,,,,,
212,did,v,"[do], past",,,,,,,,,,,,,,,,,,,,,,,,,,,,
868,earlier,m,"[early], time",,,,,,,,,,,,,,,,,,,,,,,,,,,,
567,eastern,j,[east],,,,,,,,,,,,,,,,,,,,,,,,,,,,
449,elected,v,[elect],,,,,,,,,,,,,,,,,,,,,,,,,,,,
853,ended,v,"[end], past",,,,,,,,,,,,,,,,,,,,,,,,,,,,
336,english,j,[england],,,,,,,,,,,,,,,,,,,,,,,,,,,,
938,entered,v,"[enter], past",,,,,,,,,,,,,,,,,,,,,,,,,,,,
326,established,v,[establish],,,,,,,,,,,,,,,,,,,,,,,,,,,,
538,events,n,[event],,,,,,,,,,,,,,,,,,,,,,,,,,,,
618,families,n,"[family], plural",,,,,,,,,,,,,,,,,,,,,,,,,,,,
417,further,a,[far],,,,,,,,,,,,,,,,,,,,,,,,,,,,
570,features,n,[feature],,,,,,,,,,,,,,,,,,,,,,,,,,,,
620,featured,v,"[feature], past",,,,,,,,,,,,,,,,,,,,,,,,,,,,
720,films,n,"[film], plural",,,,,,,,,,,,,,,,,,,,,,,,,,,,
154,found,v,"[find], past",,,,,,,,,,,,,,,,,,,,,,,,,,,,
585,finished,v,"[finish], past",,,,,,,,,,,,,,,,,,,,,,,,,,,,
581,followed,v,[follow],,,,,,,,,,,,,,,,,,,,,,,,,,,,
119,following,v,"[follow], preposition",,,,,,,,,,,,,,,,,,,,,,,,,,,,
520,forces,n,"[force], plural",,,,,,,,,,,,,,,,,,,,,,,,,,,,
487,formed,v,[form],,,,,,,,,,,,,,,,,,,,,,,,,,,,
410,founded,v,[found],,,,,,,,,,,,,,,,,,,,,,,,,,,,
313,french,j,[france],,,,,,,,,,,,,,,,,,,,,,,,,,,,
247,games,n,"[game], plural",,,,,,,,,,,,,,,,,,,,,,,,,,,,
825,generally,r,[general],,,,,,,,,,,,,,,,,,,,,,,,,,,,
338,german,j,[germany],,,,,,,,,,,,,,,,,,,,,,,,,,,,
583,gave,v,[give],,,,,,,,,,,,,,,,,,,,,,,,,,,,
347,went,v,[go],,,,,,,,,,,,,,,,,,,,,,,,,,,,
979,going,v,"[go], present",,,,,,,,,,,,,,,,,,,,,,,,,,,,
961,goals,n,"[goal], plural",,,,,,,,,,,,,,,,,,,,,,,,,,,,
630,groups,n,"[group], plural",,,,,,,,,,,,,,,,,,,,,,,,,,,,
337,having,v,[have],,,,,,,,,,,,,,,,,,,,,,,,,,,,
27,had,v,"[have], past",1,,,,,,,,,,,,,,,,,,,,,,,,,,,
28,has,v,"[have], third person",1,,,,,,,,,,,,,,,,,,,,,,,,,,,
73,him,p,[he],1,1,0,,,,,0,0,0,0,0,0,0,0,0,0,,,,,,,,,,0,0
18,his,a,"[he], possessive",1,1,0,,,,,0,0,0,0,0,0,0,0,0,0,,,,,,,,,,-1,0
760,higher,j,"[high], superlative [0.3]",,,,,,,,,,,,,,,,,,,,,,,,,,,,
862,highest,j,"[high], superlative [1.0]",,,,,,,,,,,,,,,,,,,,,,,,,,,,
779,historic,j,[history],,,,,,,,,,,,,,,,,,,,,,,,,,,,
973,historical,r,[history],,,,,,,,,,,,,,,,,,,,,,,,,,,,
192,held,v,"[hold], past",,,,,,,,,,,,,,,,,,,,,,,,,,,,
996,hours,n,"[hour], plural",,,,,,,,,,,,,,,,,,,,,,,,,,,,
265,included,v,[include],,,,,,,,,,,,,,,,,,,,,,,,,,,,
96,including,i,"[include], preposition",,0,0,,,,,0,0,0,0,0,0,0,0,0,0,,,,,,,,,,0,0
619,includes,v,"[include], singular",,,,,,,,,,,,,,,,,,,,,,,,,,,,
964,increased,v,"[increase], past",,,,,,,,,,,,,,,,,,,,,,,,,,,,
632,indian,j,[india],,,,,,,,,,,,,,,,,,,,,,,,,,,,
841,initially,r,[initial],,,,,,,,,,,,,,,,,,,,,,,,,,,,
741,introduced,v,"[introduce], past",,,,,,,,,,,,,,,,,,,,,,,,,,,,
656,involved,v,[involve],,,,,,,,,,,,,,,,,,,,,,,,,,,,
7,was,v,"[is], past",1,,,,,,,,,,,,,,,,,,,,,,,,,,,
22,are,v,"[is], plural",1,,,,,,,,,,,,,,,,,,,,,,,,,,,
919,issues,n,"[issue], plural",,,,,,,,,,,,,,,,,,,,,,,,,,,,
34,its,a,"[it], possessive",1,0,1,,,,,0,0,0,0,0,0,0,0,0,0,,,,,,,,,,0,0
864,italian,j,[italy],,,,,,,,,,,,,,,,,,,,,,,,,,,,
729,japanese,j,[japan],,,,,,,,,,,,,,,,,,,,,,,,,,,,
386,joined,v,[join],,,,,,,,,,,,,,,,,,,,,,,,,,,,
689,killed,v,"[kill], past",,,,,,,,,,,,,,,,,,,,,,,,,,,,
92,known,v,"[know], past",,,,,,,,,,,,,,,,,,,,,,,,,,,,
595,largest,j,"[large], superlative[1.0]",,,,,,,,,,,,,,,,,,,,,,,,,,,,
935,launched,v,"[launch], past",,,,,,,,,,,,,,,,,,,,,,,,,,,,
288,led,v,[lead],,,,,,,,,,,,,,,,,,,,,,,,,,,,
615,leading,v,"[lead], present",,,,,,,,,,,,,,,,,,,,,,,,,,,,
827,limited,j,[limit],,,,,,,,,,,,,,,,,,,,,,,,,,,,
954,lines,n,"[line], plural",,,,,,,,,,,,,,,,,,,,,,,,,,,,
755,listed,v,"[list], past",,,,,,,,,,,,,,,,,,,,,,,,,,,,
497,living,j,[live],,,,,,,,,,,,,,,,,,,,,,,,,,,,
829,lived,v,"[live], past",,,,,,,,,,,,,,,,,,,,,,,,,,,,
195,located,v,"[locate], verb",,,,,,,,,,,,,,,,,,,,,,,,,,,,
416,lost,v,[lose],,,,,,,,,,,,,,,,,,,,,,,,,,,,
458,making,v,[make],,,,,,,,,,,,,,,,,,,,,,,,,,,,
714,female,j,"[-male], feminine",,,,,,,,,,,,,,,,,,,,,,,,,,,,
418,men,n,"[man], plural",,,,,,,,,,,,,,,,,,,,,,,,,,,,
375,married,v,[marry],,,,,,,,,,,,,,,,,,,,,,,,,,,,
950,matches,n,"[match], plural",,,,,,,,,,,,,,,,,,,,,,,,,,,,
898,means,v,"[mean], singular",,,,,,,,,,,,,,,,,,,,,,,,,,,,
860,met,v,[meet],,,,,,,,,,,,,,,,,,,,,,,,,,,,
229,members,n,"[member], plural",,,,,,,,,,,,,,,,,,,,,,,,,,,,
589,months,n,"[month], plural",,,,,,,,,,,,,,,,,,,,,,,,,,,,
291,moved,v,[move],,,,,,,,,,,,,,,,,,,,,,,,,,,,
181,named,v,"[name], verb",,,,,,,,,,,,,,,,,,,,,,,,,,,,
79,national,j,"[nation], adjective",,0,0,,,,,0,0,0,0,0,0,1,0,0,0,,,,,,,,,,0,0
678,previous,m,[-next],,,,,,,,,,,,,,,,,,,,,,,,,,,,
465,northern,j,[north],,,,,,,,,,,,,,,,,,,,,,,,,,,,
903,noted,v,"[note], past",,,,,,,,,,,,,,,,,,,,,,,,,,,,
911,older,j,"[old], superlative [0.3]",,,,,,,,,,,,,,,,,,,,,,,,,,,,
453,opened,v,[open],,,,,,,,,,,,,,,,,,,,,,,,,,,,
887,opening,v,"[open], present",,,,,,,,,,,,,,,,,,,,,,,,,,,,
734,operations,n,"[operation], plural",,,,,,,,,,,,,,,,,,,,,,,,,,,,
297,original,a,[origin],,,,,,,,,,,,,,,,,,,,,,,,,,,,
737,owned,v,"[own], past",,,,,,,,,,,,,,,,,,,,,,,,,,,,
763,parts,n,"[part], plural",,,,,,,,,,,,,,,,,,,,,,,,,,,,
588,performed,v,"[perform], past",,,,,,,,,,,,,,,,,,,,,,,,,,,,
712,placed,v,"[place], past",,,,,,,,,,,,,,,,,,,,,,,,,,,,
908,places,n,"[place], plural",,,,,,,,,,,,,,,,,,,,,,,,,,,,
477,playing,v,[play],,,,,,,,,,,,,,,,,,,,,,,,,,,,
132,played,v,"[play], past",,,,,,,,,,,,,,,,,,,,,,,,,,,,
574,players,n,[player],,,,,,,,,,,,,,,,,,,,,,,,,,,,
523,points,n,[point],,,,,,,,,,,,,,,,,,,,,,,,,,,,
750,previously,r,[previous],,,,,,,,,,,,,,,,,,,,,,,,,,,,
370,produced,v,[produce],,,,,,,,,,,,,,,,,,,,,,,,,,,,
933,programs,n,"[program], plural",,,,,,,,,,,,,,,,,,,,,,,,,,,,
673,provided,v,"[provide], plural",,,,,,,,,,,,,,,,,,,,,,,,,,,,
260,published,v,[publish],,,,,,,,,,,,,,,,,,,,,,,,,,,,
709,reached,v,"[reach], past",,,,,,,,,,,,,,,,,,,,,,,,,,,,
215,received,v,"[receive], past",,,,,,,,,,,,,,,,,,,,,,,,,,,,
455,recorded,v,[record],,,,,,,,,,,,,,,,,,,,,,,,,,,,
484,records,n,[record],,,,,,,,,,,,,,,,,,,,,,,,,,,,
799,regional,j,[region],,,,,,,,,,,,,,,,,,,,,,,,,,,,
759,related,j,[relate],,,,,,,,,,,,,,,,,,,,,,,,,,,,
133,released,v,"[release], past",,,,,,,,,,,,,,,,,,,,,,,,,,,,
601,remained,v,[remain],,,,,,,,,,,,,,,,,,,,,,,,,,,,
685,replaced,v,"[replace], past",,,,,,,,,,,,,,,,,,,,,,,,,,,,
609,reported,v,"[report], past",,,,,,,,,,,,,,,,,,,,,,,,,,,,
883,represented,v,"[represent], past",,,,,,,,,,,,,,,,,,,,,,,,,,,,
877,required,v,"[require], past",,,,,,,,,,,,,,,,,,,,,,,,,,,,
822,results,n,"[result], plural",,,,,,,,,,,,,,,,,,,,,,,,,,,,
392,returned,v,[return],,,,,,,,,,,,,,,,,,,,,,,,,,,,
614,rights,n,"[right], plural",,,,,,,,,,,,,,,,,,,,,,,,,,,,
869,roman,j,[rome],,,,,,,,,,,,,,,,,,,,,,,,,,,,
953,ran,v,"[run], past",,,,,,,,,,,,,,,,,,,,,,,,,,,,
859,running,v,"[run], present",,,,,,,,,,,,,,,,,,,,,,,,,,,,
843,runs,v,"[run], singular",,,,,,,,,,,,,,,,,,,,,,,,,,,,
744,russian,j,[russia],,,,,,,,,,,,,,,,,,,,,,,,,,,,
256,said,v,[say],,,,,,,,,,,,,,,,,,,,,,,,,,,,
514,schools,n,[school],,,,,,,,,,,,,,,,,,,,,,,,,,,,
774,scored,v,"[score], past",,,,,,,,,,,,,,,,,,,,,,,,,,,,
623,seen,v,"[see], past",,,,,,,,,,,,,,,,,,,,,,,,,,,,
715,saw,v,"[see], past",,,,,,,,,,,,,,,,,,,,,,,,,,,,
931,selected,v,"[select], past",,,,,,,,,,,,,,,,,,,,,,,,,,,,
558,sold,v,"[sell], past",,,,,,,,,,,,,,,,,,,,,,,,,,,,
668,sent,v,"[send], past",,,,,,,,,,,,,,,,,,,,,,,,,,,,
222,served,v,[serve],,,,,,,,,,,,,,,,,,,,,,,,,,,,
419,services,n,"[service], plural",,,,,,,,,,,,,,,,,,,,,,,,,,,,
37,her,a,"[she], possessive",1,1,0,,,,,0,0,0,0,0,0,0,0,0,0,,,,,,,,,,1,0
704,shows,n,"[show], plural",,,,,,,,,,,,,,,,,,,,,,,,,,,,
479,signed,v,[sign],,,,,,,,,,,,,,,,,,,,,,,,,,,,
536,songs,n,[song],,,,,,,,,,,,,,,,,,,,,,,,,,,,
469,southern,j,[south],,,,,,,,,,,,,,,,,,,,,,,,,,,,
927,soviet,j,[soviet union],,,,,,,,,,,,,,,,,,,,,,,,,,,,
813,spanish,j,[spain],,,,,,,,,,,,,,,,,,,,,,,,,,,,
875,spent,v,"[spend], past",,,,,,,,,,,,,,,,,,,,,,,,,,,,
687,sports,n,"[sport], plural",,,,,,,,,,,,,,,,,,,,,,,,,,,,
331,started,v,[start],,,,,,,,,,,,,,,,,,,,,,,,,,,,
989,starting,v,"[start], present",,,,,,,,,,,,,,,,,,,,,,,,,,,,
721,stated,v,"[state], past",,,,,,,,,,,,,,,,,,,,,,,,,,,,
108,states,n,"[state], plural",,,,,,,,,,,,,,,,,,,,,,,,,,,,
272,st,n,[street],,,,,,,,,,,,,,,,,,,,,,,,,,,,
345,students,n,"[student], plural",,,,,,,,,,,,,,,,,,,,,,,,,,,,
958,studied,v,"[study], past",,,,,,,,,,,,,,,,,,,,,,,,,,,,
640,studies,v,"[study], singular",,,,,,,,,,,,,,,,,,,,,,,,,,,,
948,subsequently,r,[subsequent],,,,,,,,,,,,,,,,,,,,,,,,,,,,
747,successful,j,[success],,,,,,,,,,,,,,,,,,,,,,,,,,,,
1000,supported,v,"[support], past",,,,,,,,,,,,,,,,,,,,,,,,,,,,
723,systems,n,[system],,,,,,,,,,,,,,,,,,,,,,,,,,,,
576,taken,v,[take],,,,,,,,,,,,,,,,,,,,,,,,,,,,
190,took,v,"[take], past",,,,,,,,,,,,,,,,,,,,,,,,,,,,
806,taking,v,"[take], present",,,,,,,,,,,,,,,,,,,,,,,,,,,,
490,teams,n,[team],,,,,,,,,,,,,,,,,,,,,,,,,,,,
652,tv,n,[television],,,,,,,,,,,,,,,,,,,,,,,,,,,,
975,terms,n,"[term], plural",,,,,,,,,,,,,,,,,,,,,,,,,,,,
116,them,p,[they],,1,0,,,,,0,0,0,0,0,0,0,0,0,0,,,,,,,,,,0,0
31,their,a,"[they], possessive",1,1,0,,,,,0,0,0,0,0,0,0,0,0,0,,,,,,,,,,0,0
89,these,d,"[this], plural",,0,1,,,,,0,0,0,0,0,0,0,0,0,0,,,,,,,,,,0,0
286,times,n,"[time], plural",,,,,,,,,,,,,,,,,,,,,,,,,,,,
837,towards,v,"[toward], singular",,,,,,,,,,,,,,,,,,,,,,,,,,,,
773,units,n,"[unit], plural",,,,,,,,,,,,,,,,,,,,,,,,,,,,
94,united,a,"[unite], adjective",,,,,,,,,,,,,,,,,,,,,,,,,,,,
355,using,v,[use],,,,,,,,,,,,,,,,,,,,,,,,,,,,
80,used,v,"[use], past",,,,,,,,,,,,,,,,,,,,,,,,,,,,
379,western,a,[west],,,,,,,,,,,,,,,,,,,,,,,,,,,,
60,would,v,"[will], past",1,0,0,,,,,0,0,0,1,0,1,0,0,0,0,,,,,,,,,,0,0
139,won,v,"[win], past",,,,,,,,,,,,,,,,,,,,,,,,,,,,
681,winning,r,"[win], past",,,,,,,,,,,,,,,,,,,,,,,,,,,,
421,women,n,"[woman], plural",,,,,,,,,,,,,,,,,,,,,,,,,,,,
733,women's,a,"[woman], possessive, plural",,,,,,,,,,,,,,,,,,,,,,,,,,,,
365,works,v,[work],,,,,,,,,,,,,,,,,,,,,,,,,,,,
382,worked,v,[work],,,,,,,,,,,,,,,,,,,,,,,,,,,,
466,working,v,[work],,,,,,,,,,,,,,,,,,,,,,,,,,,,
403,wrote,v,[write],,,,,,,,,,,,,,,,,,,,,,,,,,,,
406,written,v,[write],,,,,,,,,,,,,,,,,,,,,,,,,,,,
701,writing,v,"[write], present",,,,,,,,,,,,,,,,,,,,,,,,,,,,
55,years,n,"[year], plural",1,,,,,,,,,,,,,,,,,,,,,,,,,,,
266,law,n,abstract,,0,0,,,,,0,0,0,0,0,0,0,0,0,0,,,,,,,,,,0,1
311,art,n,abstract,,0,0,,,,,0,0,0,0,0,0,0,0,0,0,,,,,,,,,,0,-1
320,power,n,abstract,,0,0,,,,,0,0,0,0,0,0,0,0,0,0,,,,,,,,,,0,0
36,new,j,adjective,1,0,0,,,,,0,0,0,0,0,0,1,0,0,0,,,,,,,,,,0,0
157,international,j,adjective,,0,0,,,,,0,0,0,0,0,0,1,0,0,0,,,,,,,,,,0,0
161,general,j,adjective,,0,0,,,,,0,0,0,0,0,0,1,0,0,0,,,,,,,,,,0,0
189,long,j,adjective,,0,0,,,,,0,0,0,0,0,0,1,0,0,0,,,,,,,,,,0,0
202,local,j,adjective,,0,0,,,,,0,0,0,0,0,0,1,0,0,0,,,,,,,,,,0,0
209,final,j,adjective,,0,0,,,,,0,0,0,0,0,0,1,0,0,0,,,,,,,,,,0,0
97,well,r,adjective,,0,0,,,,,0,0,0,0,0,0,1,0,0,0,,,,,,,,,,0,0
106,early,j,"adjective, [-late]",,0,0,,,,,0,0,0,1,0,0,1,0,0,0,,,,,,,,,,0,0
113,high,j,"adjective, [-low]",,0,0,,,,,0,0,0,0,0,0,1,0,0,0,,,,,,,,,,0,0
25,also,r,adverb,1,0,0,,,,,0,0,0,0,0,0,0,0,0,0,,,,,,,,,,0,0
58,only,r,adverb,1,0,0,,,,,0,0,0,0,0,0,0,1,0,0,,,,,,,,,,0,0
69,out,r,adverb,1,0,0,,,,,0,0,1,0,0,0,0,0,0,0,,,,,,,,,,0,0
70,then,r,adverb,1,0,0,,,,,0,0,0,1,0,0,0,0,0,0,,,,,,,,,,0,0
107,however,r,adverb,1,0,0,,,,,0,0,0,0,0,0,0,0,0,0,,,,,,,,,,0,0
147,so,r,adverb,,0,0,,,,,0,0,0,0,0,0,0,0,0,0,,,,,,,,,,0,0
38,not,x,adverb,1,0,0,,,,,0,0,0,0,0,0,0,0,0,-1,,,,,,,,,,0,0
65,where,c,"adverb, location",1,0,0,,,,,0,0,1,0,0,0,0,0,0,0,,,,,,,,,,0,0
47,when,c,"adverb, time",1,0,0,,,,,0,0,0,1,0,0,0,0,0,0,,,,,,,,,,0,0
159,now,r,"adverb, time",,0,0,,,,,0,0,0,1,0,0,0,0,0,0,,,,,,,,,,0,0
894,paris,n,city,,,,,,,,,,,,,,,,,,,,,,,,,,,,
970,chicago,n,city,,,,,,,,,,,,,,,,,,,,,,,,,,,,
3,and,c,conjunction,1,0,0,,,,,0,0,0,0,0,0,0,0,0,0,,,,,,,,,,0,0
11,as,c,conjunction,1,0,0,,,,,0,0,0,0,0,0,0,0,0,0,,,,,,,,,,0,0
111,until,c,conjunction,1,0,0,,,,,0,0,0,1,0,0,0,0,0,0,,,,,,,,,,0,0
117,since,c,conjunction,1,0,0,,,,,0,0,0,1,0,0,0,0,0,0,,,,,,,,,,0,0
179,if,c,conjunction,1,0,0,,,,,0,0,0,0,0,0,0,0,0,0,,,,,,,,,,0,0
182,because,c,conjunction,,0,0,,,,,0,0,0,0,0,0,0,0,0,0,,,,,,,,,,0,0
235,although,c,conjunction,,0,0,,,,,0,0,0,0,0,0,0,0,0,0,,,,,,,,,,0,0
420,though,c,conjunction,,0,0,,,,,0,0,0,0,0,0,0,0,0,0,,,,,,,,,,0,0
30,or,c,conjunctive,1,0,0,,,,,0,0,0,0,0,0,0,0,0,0,,,,,,,,,,0,0
35,but,c,conjunctive,1,0,0,,,,,0,0,0,0,0,0,0,0,0,0,,,,,,,,,,0,0
78,while,c,"conjunctive, time",1,0,0,,,,,0,0,0,1,0,0,0,0,0,0,,,,,,,,,,0,0
602,europe,n,continent,,,,,,,,,,,,,,,,,,,,,,,,,,,,
509,france,n,country,,,,,,,,,,,,,,,,,,,,,,,,,,,,
513,india,n,country,,,,,,,,,,,,,,,,,,,,,,,,,,,,
522,america,n,country,,,,,,,,,,,,,,,,,,,,,,,,,,,,
525,australia,n,country,,,,,,,,,,,,,,,,,,,,,,,,,,,,
562,canada,n,country,,,,,,,,,,,,,,,,,,,,,,,,,,,,
596,germany,n,country,,,,,,,,,,,,,,,,,,,,,,,,,,,,
633,uk,n,country,,,,,,,,,,,,,,,,,,,,,,,,,,,,
675,china,n,country,,,,,,,,,,,,,,,,,,,,,,,,,,,,
786,japan,n,country,,,,,,,,,,,,,,,,,,,,,,,,,,,,
905,ireland,n,country,,,,,,,,,,,,,,,,,,,,,,,,,,,,
1,the,a,determiner,1,0,0,,,,,0,0,0,0,0,0,0,0,0,0,,,,,,,,,,0,0
6,a,a,determiner,1,0,0,,,,,0,0,0,0,0,0,0,1,0,0,,,,,,,,,,0,0
74,such,d,determiner,1,0,0,,,,,0,0,0,0,0,0,0,0,0,0,,,,,,,,,,0,0
102,both,d,determiner,1,0,0,,,,,0,0,0,0,0,0,0,1,0,0,,,,,,,,,,0,0
144,same,d,determiner,,0,0,,,,,0,0,0,0,0,0,0,0,0,0,,,,,,,,,,0,0
145,each,d,determiner,,0,0,,,,,0,0,0,0,0,0,0,0,0,0,,,,,,,,,,0,0
213,another,d,determiner,,0,0,,,,,0,0,0,0,0,0,0,0,0,0,,,,,,,,,,0,0
230,former,d,determiner,,0,0,,,,,0,0,0,1,0,0,0,0,0,0,,,,,,,,,,0,0
257,own,d,determiner,,0,0,,,,,0,0,0,0,0,0,0,0,0,0,,,,,,,,,,0,0
259,those,d,determiner,,0,1,,,,,0,0,0,0,0,0,0,0,0,0,,,,,,,,,,0,0
295,what,d,determiner,,0,0,,,,,0,0,0,0,0,0,0,0,0,0,,,,,,,,,,0,0
304,much,d,determiner,,0,0,,,,,0,0,0,0,0,0,0,1,0.4,0,,,,,,,,,,0,0
395,few,d,determiner,,0,0,,,,,0,0,0,0,0,0,0,1,-0.4,0,,,,,,,,,,0,0
446,half,d,determiner,,0,0,,,,,0,0,0,0,0,0,0,1,0.5,0,,,,,,,,,,0,0
802,whose,d,determiner,,1,0,,,,,0,0,0,0,0,0,0,0,0,0,,,,,,,,,,0,0
506,wife,n,"feminine, person",,1,0,,,,,0,0,0,0,0,0,0,0,0,0,,,,,,,,,,1,0
98,i,n,"first person, singular, person",1,,,,,,,,,,,,,,,,,,,,,,,,,,,
50,there,e,location,1,0,0,,,,,0,0,0,0,0,0,0,0,0,0,,,,,,,,,,0,0
781,hill,n,location,,,,,,,,,,,,,,,,,,,,,,,,,,,,
792,bay,n,location,,,,,,,,,,,,,,,,,,,,,,,,,,,,
821,africa,n,location,,,,,,,,,,,,,,,,,,,,,,,,,,,,
983,mountain,n,location,,,,,,,,,,,,,,,,,,,,,,,,,,,,
988,highway,n,location,,,,,,,,,,,,,,,,,,,,,,,,,,,,
221,river,n,location,,,,,,,,,,,,,,,,,,,,,,,,,,,,
225,building,n,location,,0,1,,,,,0,0,1,0,0,0,0,0,0,0,,,,,,,,,,0,-1
280,road,n,location,,0,0,,,,,0,0,0,0,0,0,0,0,0,0,,,,,,,,,,0,0
285,park,n,location,,,,,,,,,,,,,,,,,,,,,,,,,,,,
310,village,n,location,,,,,,,,,,,,,,,,,,,,,,,,,,,,
315,country,n,location,,0,0,,,,,0,0,1,0,0,0,0,0,0,0,,,,,,,,,,0,0
333,land,n,location,,0,1,,,,,0,0,0,0,0,0,0,0,0,0,,,,,,,,,,0,-1
334,street,n,location,,0,0,,,,,0,0,1,0,0,0,0,0,0,0,,,,,,,,,,0,-1
371,man,n,"masculine, person",,1,0,,,,,0,0,0,0,0,0,0,0,0,0,,,,,,,,,,-1,-1
508,william,n,name,,,,,,,,,,,,,,,,,,,,,,,,,,,,
552,james,n,"name, person",,,,,,,,,,,,,,,,,,,,,,,,,,,,
554,george,n,"name, person",,,,,,,,,,,,,,,,,,,,,,,,,,,,
568,al,n,"name, person",,,,,,,,,,,,,,,,,,,,,,,,,,,,
662,david,n,"name, person",,,,,,,,,,,,,,,,,,,,,,,,,,,,
751,charles,n,"name, person",,,,,,,,,,,,,,,,,,,,,,,,,,,,
752,thomas,n,"name, person",,,,,,,,,,,,,,,,,,,,,,,,,,,,
777,paul,n,"name, person",,,,,,,,,,,,,,,,,,,,,,,,,,,,
881,henry,n,"name, person",,,,,,,,,,,,,,,,,,,,,,,,,,,,
888,michael,n,"name, person",,,,,,,,,,,,,,,,,,,,,,,,,,,,
998,smith,n,"name, person",,,,,,,,,,,,,,,,,,,,,,,,,,,,
90,no,a,negative,1,0,0,,,,,0,0,0,0,0,0,0,0,0,0,,,,,,,,,,0,0
962,anti,d,negative,,,,,,,,,,,,,,,,,,,,,,,,,,,,
293,late,j,negative,,0,0,,,,,0,0,0,1,0,0,1,0,0,-1,,,,,,,,,,0,0
611,low,j,negative,,0,0,,,,,0,0,0,0,0,0,1,0,0,-1,,,,,,,,,,0,0
86,part,n,noun,,0,0,,,,,0,0,0,0,0,0,0,0,0,0,,,,,,,,,,0,0
100,film,n,noun,,0,1,,,,,0,0,0,0,0,0,0,0,0,0,,,,,,,,,,0,0
104,war,n,noun,,0,0,,,,,0,0,0,0,0,0,0,0,0,0,,,,,,,,,,0,0
105,south,n,noun,,0,0,,,,,0,0,0,0,0,0,0,0,0,0,,,,,,,,,,0,0
122,career,n,noun,,0,0,,,,,0,0,0,0,0,0,0,0,0,0,,,,,,,,,,0,1
127,number,n,noun,,0,0,,,,,0,0,0,0,0,0,0,0,0,0,,,,,,,,,,0,0
131,group,n,noun,,0,0,,,,,0,0,0,0,0,0,0,0,0,0,,,,,,,,,,0,0
136,album,n,noun,,,,,,,,,,,,,,,,,,,,,,,,,,,,
141,company,n,noun,,0,0,,,,,0,0,0,0,0,0,0,0,0,0,,,,,,,,,,0,0
142,government,n,noun,,0,0,,,,,0,0,0,0,0,0,0,0,0,0,,,,,,,,,,0,0
143,league,n,noun,,,,,,,,,,,,,,,,,,,,,,,,,,,,
148,house,n,noun,,0,1,,,,,0,0,1,0,0,0,0,0,0,0,,,,,,,,,,0,0
150,game,n,noun,,0,0,,,,,0,0,0,0,0,0,0,0,0,0,,,,,,,,,,0,0
152,west,n,noun,,0,0,,,,,0,0,1,0,0,0,0,0,0,0,,,,,,,,,,0,0
160,club,n,noun,,,,,,,,,,,,,,,,,,,,,,,,,,,,
165,population,n,noun,,0,0,,,,,0,0,0,0,0,0,0,0,0,0,,,,,,,,,,0,1
170,east,n,noun,,0,0,,,,,0,0,0,0,0,0,0,0,0,0,,,,,,,,,,0,0
191,system,n,noun,,0,0,,,,,0,0,0,0,0,0,0,0,0,0,,,,,,,,,,0,0
172,member,n,"noun,",,1,0,,,,,0,0,0,0,0,0,0,0,0,0,,,,,,,,,,0,0
114,life,n,"noun, [-death]",,0,0,,,,,0,0,0,0,0,0,0,0,0,0,,,,,,,,,,0,0
115,north,n,"noun, [-south]",,0,0,,,,,0,0,0,0,0,0,0,0,0,0,,,,,,,,,,0,0
169,public,j,"noun, abstract",,0,0,,,,,0,0,0,0,0,0,1,0,0,0,,,,,,,,,,0,0
128,music,n,"noun, abstract",,0,0,,,,,0,0,0,0,0,0,0,0,0,0,,,,,,,,,,0,1
130,name,n,"noun, abstract",,0,0,,,,,0,0,0,0,0,0,0,0,0,0,,,,,,,,,,0,0
173,age,n,"noun, abstract",,0,0,,,,,0,0,0,0,0,0,0,0,0,0,,,,,,,,,,0,0
56,school,n,"noun, location",,0,0,,,,,0,0,1,0,0,0,0,0,0,0,,,,,,,,,,0,0
71,world,n,"noun, location",,0,0,,,,,0,0,1,0,0,0,0,0,0,0,,,,,,,,,,0,0
75,city,n,"noun, location",,0,0,,,,,0,0,1,0,0,0,0,0,0,0,,,,,,,,,,0,-1
81,state,n,"noun, location",,0,0,,,,,0,0,1,0,0,0,0,0,0,0,,,,,,,,,,0,0
84,university,n,"noun, location",,,,,,,,,,,,,,,,,,,,,,,,,,,,
120,area,n,"noun, location",,0,0,,,,,0,0,0,0,0,0,0,0,0,0,,,,,,,,,,0,0
162,home,n,"noun, location",,0,0,,,,,0,0,0,0,0,0,0,0,0,0,,,,,,,,,,0,0
164,place,n,"noun, location",,0,0,,,,,0,0,1,0,0,0,0,0,0,0,,,,,,,,,,0,0
166,college,n,"noun, location",,0,0,,,,,0,0,0,0,0,0,0,0,0,0,,,,,,,,,,0,0
186,district,n,"noun, location",,,,,,,,,,,,,,,,,,,,,,,,,,,,
187,church,n,"noun, location",,0,0,,,,,0,0,1,0,0,0,0,0,0,0,,,,,,,,,,0,-1
198,town,n,"noun, location",,0,0,,,,,0,0,1,0,0,0,0,0,0,0,,,,,,,,,,0,0
203,station,n,"noun, location",,0,0,,,,,0,0,1,0,0,0,0,0,0,0,,,,,,,,,,0,-1
171,september,n,"noun, month",,,,,,,,,,,,,,,,,,,,,,,,,,,,
174,june,n,"noun, month",,,,,,,,,,,,,,,,,,,,,,,,,,,,
176,january,n,"noun, month",,,,,,,,,,,,,,,,,,,,,,,,,,,,
183,july,n,"noun, month",,,,,,,,,,,,,,,,,,,,,,,,,,,,
185,october,n,"noun, month",,,,,,,,,,,,,,,,,,,,,,,,,,,,
196,august,n,"noun, month",,,,,,,,,,,,,,,,,,,,,,,,,,,,
201,april,n,"noun, month",,,,,,,,,,,,,,,,,,,,,,,,,,,,
206,november,n,"noun, month",,,,,,,,,,,,,,,,,,,,,,,,,,,,
214,december,n,"noun, month",,,,,,,,,,,,,,,,,,,,,,,,,,,,
252,february,n,"noun, month",,,,,,,,,,,,,,,,,,,,,,,,,,,,
61,may,v,"noun, month",1,0,0,,,,,0,0,0,0,0,1,0,0,0,0,,,,,,,,,,0,0
167,march,v,"noun, month",,,,,,,,,,,,,,,,,,,,,,,,,,,,
93,team,n,"noun, people",,0,0,,,,,0,0,0,0,0,0,0,0,0,0,,,,,,,,,,0,0
135,family,n,"noun, person",,1,0,,,,,0,0,0,0,0,0,0,0,0,0,,,,,,,,,,0,0
121,people,n,"noun, person, plural",,1,0,,,,,0,0,0,0,0,0,0,0,0,0,,,,,,,,,,0,0
180,county,n,"noun, place",,,,,,,,,,,,,,,,,,,,,,,,,,,,
123,series,n,"noun, plural",,0,0,,,,,0,0,0,0,0,0,0,0,0,0,,,,,,,,,,0,1
48,time,n,"noun, time",1,0,0,,,,,0,0,0,1,0,0,0,0,0,0,,,,,,,,,,0,0
59,year,n,"noun, time",,0,0,,,,,0,0,0,1,0,0,0,0,0,0,,,,,,,,,,0,0
83,season,n,"noun, time",,0,0,,,,,0,0,0,1,0,0,0,0,0,0,,,,,,,,,,0,0
110,history,n,"noun, time",,0,0,,,,,0,0,0,1,0,0,0,0,0,0,,,,,,,,,,0,0
149,day,n,"noun, time",,0,0,,,,,0,0,0,0,0,0,0,0,0,0,,,,,,,,,,0,0
175,line,n,noune,,0,0,,,,,0,0,0,0,0,0,0,0,0,0,,,,,,,,,,0,0
177,century,n,"nount, time",,0,0,,,,,0,0,0,1,0,0,0,0,0,0,,,,,,,,,,0,0
32,one,m,number,1,0,0,,,,,0,0,0,0,0,0,0,1,0,0,,,,,,,,,,0,0
41,two,m,number,1,0,0,,,,,0,0,0,0,0,0,0,1,0,0,,,,,,,,,,0,0
64,three,m,number,1,0,0,,,,,0,0,0,0,0,0,0,1,0,0,,,,,,,,,,0,0
124,four,m,number,,0,0,,,,,0,0,0,0,0,0,0,1,0,0,,,,,,,,,,0,0
217,five,m,number,,0,0,,,,,0,0,0,0,0,0,0,1,0,0,,,,,,,,,,0,0
307,six,m,number,,0,0,,,,,0,0,0,0,0,0,0,1,0,0,,,,,,,,,,0,0
330,million,m,number,,0,0,,,,,0,0,0,0,0,0,0,1,0,0,,,,,,,,,,0,0
539,seven,m,number,,0,0,,,,,0,0,0,0,0,0,0,1,0,0,,,,,,,,,,0,0
599,eight,m,number,,0,0,,,,,0,0,0,0,0,0,0,1,0,0,,,,,,,,,,0,0
639,ten,m,number,,0,0,,,,,0,0,0,0,0,0,0,1,0,0,,,,,,,,,,0,0
923,nine,m,number,,,,,,,,,,,,,,,,,,,,,,,,,,,,
276,book,n,object,,0,1,,,,,0,0,0,0,0,0,0,0,0,0,,,,,,,,,,0,-1
278,division,n,object,,,,,,,,,,,,,,,,,,,,,,,,,,,,
283,air,n,object,,0,0,,,,,0,0,0,0,0,0,0,0,0,0,,,,,,,,,,0,-1
292,water,n,object,,0,1,,,,,0,0,0,0,0,0,0,0,0,0,,,,,,,,,,0,0
29,first,m,ordinal,1,0,0,,,,,0,0,0,0,0,0,0,1,0,0,,,,,,,,,,0,0
87,second,m,ordinal,,0,0,,,,,0,0,0,0,0,0,0,1,0,0,,,,,,,,,,0,0
236,third,m,ordinal,,0,0,,,,,0,0,0,0,0,0,0,1,0,0,,,,,,,,,,0,0
255,last,m,ordinal,,0,0,,,,,0,0,0,0,0,0,0,1,0,0,,,,,,,,,,0,0
645,fourth,m,ordinal,,,,,,,,,,,,,,,,,,,,,,,,,,,,
719,primary,m,ordinal,,,,,,,,,,,,,,,,,,,,,,,,,,,,
731,senior,j,ordinal,,,,,,,,,,,,,,,,,,,,,,,,,,,,
391,director,n,person,,1,0,,,,,0,0,0,0,0,0,0,0,0,0,,,,,,,,,,0,0
438,player,n,person,,1,0,,,,,0,0,0,0,0,0,0,0,0,0,,,,,,,,,,0,0
810,governor,n,person,,,,,,,,,,,,,,,,,,,,,,,,,,,,
870,christian,j,person,,,,,,,,,,,,,,,,,,,,,,,,,,,,
899,secretary,n,person,,,,,,,,,,,,,,,,,,,,,,,,,,,,
926,captain,n,person,,,,,,,,,,,,,,,,,,,,,,,,,,,,
233,president,n,person,,1,0,,,,,0,0,0,0,0,0,0,0,0,0,,,,,,,,,,0,0
882,self,n,"person, first person",,,,,,,,,,,,,,,,,,,,,,,,,,,,
359,father,n,"person, masculine",,1,0,,,,,0,0,0,0,0,0,0,0,0,0,,,,,,,,,,-1,0
363,king,n,"person, masculine",,,,,,,,,,,,,,,,,,,,,,,,,,,,
299,son,n,"person, masculine",,1,0,,,,,0,0,0,0,0,0,0,0,0,0,,,,,,,,,,-1,0
305,children,n,"person, plural",,,,,,,,,,,,,,,,,,,,,,,,,,,,
40,they,p,"person, third person, plural, pronoun",1,0,0,,,,,0,0,0,0,0,0,0,0,0,0,,,,,,,,,,0,0
39,she,p,"person, third person, singular, feminine, pronoun",1,1,0,,,,,0,0,0,0,0,0,0,0,0,0,,,,,,,,,,0,0
725,robert,n,"personal, name",,,,,,,,,,,,,,,,,,,,,,,,,,,,
460,free,j,positive,,0,0,,,,,0,0,0,0,0,0,1,0,0,0,,,,,,,,,,0,0
471,popular,j,positive,,0,0,,,,,0,0,0,0,0,0,1,0,0,0,,,,,,,,,,0,0
535,good,j,positive,,0,0,,,,,0,0,0,0,0,0,1,0,0.3,0,,,,,,,,,,0,0
696,big,j,positive,,0,0,,,,,0,0,0,0,0,0,1,0,0.3,0,,,,,,,,,,0,0
940,our,a,"possessive, first person, plural, person",,1,0,,,,,0,0,0,0,0,0,0,0,0,0,,,,,,,,,,0,0
669,my,a,"possessive, first person, singular, person",,1,0,,,,,0,0,0,0,0,0,0,0,0,0,,,,,,,,,,0,0
91,than,c,preposition,1,0,0,,,,,0,0,0,0,0,0,0,0,0,0,,,,,,,,,,0,0
2,of,i,preposition,1,0,0,,,,,0,0,0,0,0,0,0,0,0,0,,,,,,,,,,0,0
4,in,i,preposition,1,0,0,,,,,0,0,1,0,0,0,0,0,0,0,,,,,,,,,,0,0
9,for,i,preposition,1,0,0,,,,,0,0,0,0,0,0,0,0,0,0,,,,,,,,,,0,0
10,on,i,preposition,1,0,0,,,,,0,0,1,0,0,0,0,0,0,0,,,,,,,,,,0,0
12,with,i,preposition,1,0,0,,,,,0,0,0,0,0,0,0,0,0,0,,,,,,,,,,0,0
13,by,i,preposition,1,0,0,,,,,0,0,1,0,0,0,0,0,0,0,,,,,,,,,,0,0
16,at,i,preposition,1,0,0,,,,,0,0,1,0,0,0,0,0,0,0,,,,,,,,,,0,0
17,from,i,preposition,1,0,0,,,,,0,0,1,0,0,0,0,0,0,0,,,,,,,,,,0,0
33,after,i,preposition,1,0,0,,,,,0,0,1,1,0,0,0,0,0,0,,,,,,,,,,0,0
51,into,i,preposition,1,0,0,,,,,0,0,1,0,0,0,0,0,0,0,,,,,,,,,,0,0
54,over,i,preposition,1,0,0,,,,,0,0,1,0,0,0,0,0,0,0,,,,,,,,,,0,0
66,between,i,preposition,1,0,0,,,,,0,0,1,0,0,0,0,0,0,0,,,,,,,,,,0,0
76,about,i,preposition,1,0,0,,,,,0,0,0,0,0,0,0,0,0,0,,,,,,,,,,0,0
77,under,i,preposition,1,0,0,,,,,0,0,1,0,0,0,0,0,0,0,,,,,,,,,,0,0
99,through,i,preposition,,0,0,,,,,0,0,1,0,0,0,0,0,0,0,,,,,,,,,,0,0
109,against,i,preposition,1,0,0,,,,,0,0,0,0,0,0,0,0,0,-0.3,,,,,,,,,,0,0
178,like,i,preposition,1,0,0,,,,,0,0,0,0,0,0,0,0,0,0,,,,,,,,,,0,0
188,around,i,preposition,,0,0,,,,,0,0,1,0,0,0,0,0,0,0,,,,,,,,,,0,0
210,along,i,preposition,,0,0,,,,,0,0,1,0,0,0,0,0,0,0,,,,,,,,,,0,0
57,up,r,preposition,1,0,0,,,,,0,0,1,0,0,0,0,0,0,0,,,,,,,,,,0,0
193,back,r,preposition,,0,0,,,,,0,0,1,0,0,0,0,0,0,0,,,,,,,,,,0,0
5,to,t,preposition,1,0,0,,,,,0,0,1,0,0,0,0,0,0,0,,,,,,,,,,0,0
610,front,,preposition,,,,,,,,,,,,,,,,,,,,,,,,,,,,
757,prior,i,preposition,,,,,,,,,,,,,,,,,,,,,,,,,,,,
800,below,i,preposition,,,,,,,,,,,,,,,,,,,,,,,,,,,,
49,during,i,"preposition, time",1,0,0,,,,,0,0,0,1,0,0,0,0,0,0,,,,,,,,,,0,0
101,before,i,"preposition, time, location",,0,0,,,,,0,0,1,1,0,0,0,0,0,0,,,,,,,,,,0,0
45,other,j,pronoun,1,0,0,,,,,0,0,0,0,0,0,1,0,0,0,,,,,,,,,,0,0
15,that,c,"pronoun, object",1,0,0,,,,,0,0,0,0,0,0,0,0,0,0,,,,,,,,,,0,0
24,this,d,"pronoun, object",1,0,1,,,,,0,0,0,0,0,0,0,0,0,0,,,,,,,,,,0,0
23,which,d,"pronoun, question",1,0,0,,,,,0,0,0,0,0,0,0,0,0,0,,,,,,,,,,0,0
42,who,p,"pronoun, question",1,1,0,,,,,0,0,0,0,0,0,0,0,0,0,,,,,,,,,,0,0
885,whom,n,"pronoun, question",,,,,,,,,,,,,,,,,,,,,,,,,,,,
14,he,p,"pronoun, third person, singular, masculine, person",1,1,0,,,,,0,0,0,0,0,0,0,0,0,0,,,,,,,,,,0,0
19,it,p,"pronoun, third person, singular, person, object",1,0,0,,,,,0,0,0,0,0,0,0,0,0,0,,,,,,,,,,0,0
205,york,n,"proper noun, location",,,,,,,,,,,,,,,,,,,,,,,,,,,,
199,john,n,"proper noun, person",,,,,,,,,,,,,,,,,,,,,,,,,,,,
425,every,a,quantifier,,0,0,,,,,0,0,0,0,0,0,0,0,0,0,,,,,,,,,,0,0
46,all,d,quantifier,1,0,0,,,,,0,0,0,0,0,0,0,1,1,0,,,,,,,,,,0,0
67,some,d,quantifier,1,0,0,,,,,0,0,0,0,0,0,0,1,0.2,0,,,,,,,,,,0,0
85,many,d,quantifier,,0,0,,,,,0,0,0,0,0,0,0,1,0.4,0,,,,,,,,,,0,0
129,several,d,quantifier,,0,0,,,,,0,0,0,0,0,0,0,1,0.2,0,,,,,,,,,,0,0
200,any,d,quantifier,,0,0,,,,,0,0,0,0,0,0,0,1,0,0,,,,,,,,,,0,0
348,next,m,sequence,,0,0,,,,,0,0,0,1,0,0,0,0,0,0,,,,,,,,,,0,0
517,california,n,state,,,,,,,,,,,,,,,,,,,,,,,,,,,,
676,washington,n,state,,,,,,,,,,,,,,,,,,,,,,,,,,,,
878,texas,n,state,,,,,,,,,,,,,,,,,,,,,,,,,,,,
53,more,r,superlative [0.3],1,0,0,,,,,0,0,0,0,0,0,0,1,0.5,0,,,,,,,,,,0,0
197,best,j,"[good], superlative [1.0]",,0,0,,,,,0,0,0,0,0,0,1,0,1,0,,,,,,,,,,0,0
62,most,r,"[more], superlative [1.0]",1,0,0,,,,,0,0,0,0,0,0,0,1,0.8,0,,,,,,,,,,0,0
924,date,n,time,,,,,,,,,,,,,,,,,,,,,,,,,,,,
63,later,r,"time, superlative [0.3]",1,0,0,,,,,0,0,0,1,0,0,0,0,0,0,,,,,,,,,,0,0
8,is,v,verb,1,,,,,,,,,,,,,,,,,,,,,,,,,,,
26,be,v,verb,1,0,0,,,,,0,0,0,0,0,1,0,0,0,0,,,,,,,,,,0,0
43,have,v,verb,1,0,0,,,,,0,0,0,0,0,1,0,0,0,0,,,,,,,,,,0,0
72,made,v,verb,1,,,,,,,,,,,,,,,,,,,,,,,,,,,
82,can,v,verb,1,0,0,,,,,0,0,0,0,0,1,0,0,0,0,,,,,,,,,,0,0
118,work,v,verb,,0,0,,,,,0,0,0,0,0,1,0,0,0,0,,,,,,,,,,0,0
138,will,v,verb,,0,0,,,,,0,0,0,1,0,1,0,0,0,0,,,,,,,,,,0,0
151,born,v,verb,,,,,,,,,,,,,,,,,,,,,,,,,,,,
156,use,v,verb,,0,0,,,,,0,0,0,0,0,1,0,0,0,0,,,,,,,,,,0,0
208,due,v,verb,,,,,,,,,,,,,,,,,,,,,,,,,,,,
240,within,i,preposition,,0,0,,,,,0,0,1,0,0,0,0,0,0,0,,,,,,,,,,0,0
262,according,i,preposition,,0,0,,,,,0,0,0,0,0,0,0,0,0,0,,,,,,,,,,0,0
277,among,i,preposition,,0,0,,,,,0,0,0,0,0,0,0,0,0,0,,,,,,,,,,0,0
303,near,i,preposition,,0,0,,,,,0,0,1,0,0,0,0,0,0,0,,,,,,,,,,0,0
397,per,i,preposition,,0,0,,,,,0,0,0,0,0,0,0,1,0,0,,,,,,,,,,0,0
405,without,i,preposition,,0,0,,,,,0,0,0,0,0,0,0,0,0,0,,,,,,,,,,0,0
521,upon,i,preposition,,0,0,,,,,0,0,1,1,0,0,0,0,0,0,,,,,,,,,,0,0
540,throughout,i,preposition,,0,0,,,,,0,0,1,0,0,0,0,0,0,0,,,,,,,,,,0,0
551,across,i,preposition,,0,0,,,,,0,0,1,0,0,0,0,0,0,0,,,,,,,,,,0,0
564,despite,i,preposition,,0,0,,,,,0,0,0,0,0,0,0,0,0,0,,,,,,,,,,0,0
666,above,i,preposition,,0,0,,,,,0,0,1,0,0,0,0,0,0,0,,,,,,,,,,0,0
736,behind,i,preposition,,0,0,,,,,0,0,1,0,0,0,0,0,0,0,,,,,,,,,,0,0
758,outside,i,preposition,,0,0,,,,,0,0,1,0,0,0,0,0,0,0,,,,,,,,,,0,0
226,major,j,adjective,,0,0,,,,,0,0,0,0,0,0,1,0,0,0,,,,,,,,,,0,0
227,single,j,adjective,,0,0,,,,,0,0,0,0,0,0,1,0,0,-1,,,,,,,,,,0,0
228,left,j,adjective,,0,0,,,,,0,0,0,0,0,0,1,0,0,-1,,,,,,,,,,0,0
237,old,j,adjective,,0,0,,,,,0,0,0,0,0,0,1,0,0,-1,,,,,,,,,,0,0
241,large,j,adjective,,0,0,,,,,0,0,0,0,0,0,1,0,0,0,,,,,,,,,,0,0
242,main,j,adjective,,0,0,,,,,0,0,0,0,0,0,1,0,0,0,,,,,,,,,,0,0
250,small,j,adjective,,0,0,,,,,0,0,0,0,0,0,1,0,0,-1,,,,,,,,,,0,0
294,great,j,adjective,,0,0,,,,,0,0,0,0,0,0,1,0,0.7,0,,,,,,,,,,0,0
302,different,j,adjective,,0,0,,,,,0,0,0,0,0,0,1,0,0,-1,,,,,,,,,,0,0
318,white,j,adjective,,0,0,,,,,0,0,0,0,0,0,1,0,0,0,,,,,,,,,,0,0
327,central,j,adjective,,0,0,,,,,0,0,0,0,0,0,1,0,0,0,,,,,,,,,,0,0
350,military,j,adjective,,0,0,,,,,0,0,0,0,0,0,1,0,0,0,,,,,,,,,,0,0
354,political,j,adjective,,0,0,,,,,0,0,0,0,0,0,1,0,0,0,,,,,,,,,,0,0
364,various,j,adjective,,0,0,,,,,0,0,0,0,0,0,1,0,0,0,,,,,,,,,,0,0
368,black,j,adjective,,0,0,,,,,0,0,0,0,0,0,1,0,0,0,,,,,,,,,,0,0
409,young,j,adjective,,0,0,,,,,0,0,0,0,0,0,1,0,0,0,,,,,,,,,,0,0
424,short,j,adjective,,0,0,,,,,0,0,0,0,0,0,1,0,0,-1,,,,,,,,,,0,0
430,social,j,adjective,,0,0,,,,,0,0,0,0,0,0,1,0,0,0,,,,,,,,,,0,0
441,full,j,adjective,,0,0,,,,,0,0,0,0,0,0,1,0,0,0,,,,,,,,,,0,0
463,important,j,adjective,,0,0,,,,,0,0,0,0,0,0,1,0,0.8,0,,,,,,,,,,0,0
470,special,j,adjective,,0,0,,,,,0,0,0,0,0,0,1,0,0,0,,,,,,,,,,0,0
473,red,j,adjective,,0,0,,,,,0,0,0,0,0,0,1,0,0,0,,,,,,,,,,0,0
478,similar,j,adjective,,1,1,,,,,1,1,0,0,0,0,1,0,0.5,0,,,,,,,,,,0,0
493,common,j,adjective,,0,0,,,,,0,0,0,0,0,0,1,0,0,0,,,,,,,,,,0,0
531,little,j,adjective,,0,0,,,,,0,0,0,0,0,0,1,0,0,-1,,,,,,,,,,0,0
534,current,j,adjective,,0,0,,,,,0,0,0,0,0,0,1,0,0,0,,,,,,,,,,0,0
541,human,j,adjective,,0,0,,,,,0,0,0,0,0,0,1,0,0,0,,,,,,,,,,0,0
555,available,j,adjective,,0,0,,,,,0,0,0,0,0,0,1,0,0,0,,,,,,,,,,0,0
560,personal,j,adjective,,0,0,,,,,0,0,0,0,0,0,1,0,0,0,,,,,,,,,,0,0
624,private,j,adjective,,0,0,,,,,0,0,0,0,0,0,1,0,0,-1,,,,,,,,,,0,0
631,middle,j,adjective,,0,0,,,,,0,0,0,0,0,0,1,0,0,0,,,,,,,,,,0,0
634,federal,j,adjective,,0,0,,,,,0,0,0,0,0,0,1,0,0,0,,,,,,,,,,0,0
654,able,j,adjective,,0,0,,,,,0,0,0,0,0,0,1,0,0,0,,,,,,,,,,0,0
686,green,j,adjective,,0,0,,,,,0,0,0,0,0,0,1,0,0,0,,,,,,,,,,0,0
728,medical,j,adjective,,0,0,,,,,0,0,0,0,0,0,1,0,0,0,,,,,,,,,,0,0
732,real,j,adjective,,0,0,,,,,0,0,0,0,0,0,1,0,0,0,,,,,,,,,,0,0
775,possible,j,adjective,,0,0,,,,,0,0,0,0,0,0,1,0,0,0,,,,,,,,,,0,0
787,natural,j,adjective,,0,1,,,,,0,0,0,0,0,0,1,0,0,0,,,,,,,,,,0,0
790,economic,j,adjective,,0,0,,,,,0,0,0,0,0,0,1,0,0,0,,,,,,,,,,0,0
818,strong,j,adjective,,0,0,,,,,0,0,0,0,0,0,1,0,0,0,,,,,,,,,,0,0
823,foreign,j,adjective,,0,0,,,,,0,0,0,0,0,0,1,0,0,-1,,,,,,,,,,0,0
824,significant,j,adjective,,0,0,,,,,0,0,0,0,0,0,1,0,0.7,0,,,,,,,,,,0,0
834,blue,j,adjective,,0,0,,,,,0,0,0,0,0,0,1,0,0,0,,,,,,,,,,0,0
840,traditional,j,adjective,,0,0,,,,,0,0,0,0,0,0,1,0,0,0,,,,,,,,,,0,0
865,wide,j,adjective,,0,0,,,,,0,0,0,0,0,0,1,0,0,0,,,,,,,,,,0,0
913,past,j,adjective,,0,0,,,,,0,0,0,1,0,0,1,0,0,0,,,,,,,,,,0,0
951,financial,j,adjective,,0,0,,,,,0,0,0,0,0,0,1,0,0,0,,,,,,,,,,0,0
956,cultural,j,adjective,,0,0,,,,,0,0,0,0,0,0,1,0,0,0,,,,,,,,,,0,0
957,legal,j,adjective,,0,0,,,,,0,0,0,0,0,0,1,0,0,0,,,,,,,,,,0,0
965,better,j,adjective,,0,0,,,,,0,0,0,0,0,0,1,0,0.3,0,,,,,,,,,,0,0
977,religious,j,adjective,,0,0,,,,,0,0,0,0,0,0,1,0,0,0,,,,,,,,,,0,0
994,recent,j,adjective,,0,0,,,,,0,0,0,0,0,0,1,0,0,0,,,,,,,,,,0,0
216,service,n,concept,,0,0,,,,,0,0,0,0,0,0,0,0,0,0,,,,,,,,,,0,1
220,party,n,event,,0,0,,,,,0,0,0,0,0,0,0,0,0,0,,,,,,,,,,0,0
223,song,n,concept,,0,0,,,,,0,0,0,0,0,0,0,0,0,0,,,,,,,,,,0,1
238,death,n,concept,,0,0,,,,,0,0,0,0,0,0,0,0,0,0,,,,,,,,,,0,0
253,order,n,concept,,0,0,,,,,0,0,0,0,0,0,0,0,0,0,,,,,,,,,,0,0
254,band,n,entity,,,,,,,,,,,,,,,,,,,,,,,,,,,,
258,football,n,concept,,,,,,,,,,,,,,,,,,,,,,,,,,,,
264,education,n,concept,,0,0,,,,,0,0,0,0,1,0,0,0,0,0,,,,,,,,,,0,1
275,top,n,location,,0,0,,,,,0,0,1,0,0,0,0,0,0,0,,,,,,,,,,0,0
279,development,n,process,,0,0,,,,,0,0,0,0,0,0,0,0,0,0,,,,,,,,,,0,0
284,army,n,entity,,,,,,,,,,,,,,,,,,,,,,,,,,,,
289,side,n,location,,0,0,,,,,0,0,0,0,0,0,0,0,0,0,,,,,,,,,,0,0
309,form,n,concept,,0,0,,,,,0,0,0,0,0,0,0,0,0,0,,,,,,,,,,0,1
312,species,n,concept,,,,,,,,,,,,,,,,,,,,,,,,,,,,
314,center,n,location,,0,0,,,,,0,0,0,0,0,0,0,0,0,0,,,,,,,,,,0,0
316,way,n,location,,0,0,,,,,0,0,0,0,0,0,0,0,0,0,,,,,,,,,,0,0
319,court,n,location,,0,0,,,,,0,0,1,0,0,0,0,0,0,0,,,,,,,,,,0,-1
321,record,n,concept,,0,1,,,,,0,0,0,0,0,0,0,0,0,0,,,,,,,,,,0,0
323,research,n,concept,,0,0,,,,,0,0,0,0,0,0,0,0,0,0,,,,,,,,,,0,0
324,community,n,concept,,0,0,,,,,0,0,0,0,0,0,0,0,0,0,,,,,,,,,,0,0
325,award,n,entity,,,,,,,,,,,,,,,,,,,,,,,,,,,,
332,production,n,process,,0,0,,,,,0,0,0,0,0,0,0,0,0,0,,,,,,,,,,0,0
340,title,n,entity,,,,,,,,,,,,,,,,,,,,,,,,,,,,
343,council,n,entity,,,,,,,,,,,,,,,,,,,,,,,,,,,,
344,role,n,concept,,0,0,,,,,0,0,0,0,0,0,0,0,0,0,,,,,,,,,,0,0
346,period,n,time,,0,0,,,,,0,0,0,1,0,0,0,0,0,0,,,,,,,,,,0,0
349,london,n,city,,,,,,,,,,,,,,,,,,,,,,,,,,,,
351,cup,n,object,,0,0,,,,,0,0,0,0,0,0,0,0,0,0,,,,,,,,,,0,0
353,head,n,object,,0,0,,,,,0,0,0,0,0,0,0,0,0,0,,,,,,,,,,0,-1
358,office,n,location,,0,0,,,,,0,0,1,0,0,0,0,0,0,0,,,,,,,,,,0,0
360,given,v,"[give], past",,,,,,,,,,,,,,,,,,,,,,,,,,,,
361,total,n,concept,,,,,,,,,,,,,,,,,,,,,,,,,,,,
362,non,a,negative,,,,,,,,,,,,,,,,,,,,,,,,,,,,
366,point,n,concept,,0,0,,,,,0,0,0,0,0,0,0,0,0,0,,,,,,,,,,0,0
367,election,n,process,,0,0,,,,,0,0,0,0,0,0,0,0,0,0,,,,,,,,,,0,1
373,championship,n,process,,,,,,,,,,,,,,,,,,,,,,,,,,,,
376,business,n,concept,,0,0,,,,,0,0,0,0,0,0,0,0,0,0,,,,,,,,,,0,0
378,level,n,concept,,0,0,,,,,0,0,0,0,0,0,0,0,0,0,,,,,,,,,,0,0
383,program,n,concept,,0,0,,,,,0,0,0,0,0,0,0,0,0,0,,,,,,,,,,0,0
387,island,n,location,,,,,,,,,,,,,,,,,,,,,,,,,,,,
388,field,n,concept,,0,0,,,,,0,0,0,0,0,0,0,0,0,0,,,,,,,,,,0,0
394,round,n,concept,,,,,,,,,,,,,,,,,,,,,,,,,,,,
396,television,n,object,,0,0,,,,,0,0,0,0,0,0,0,0,0,0,,,,,,,,,,0,-1
399,association,n,entity,,,,,,,,,,,,,,,,,,,,,,,,,,,,
400,site,n,location,,0,1,,,,,0,0,0,0,0,0,0,0,0,0,,,,,,,,,,0,-1
402,class,n,concept,,0,0,,,,,0,0,0,0,0,0,0,0,0,0,,,,,,,,,,0,0
404,region,n,location,,0,0,,,,,0,0,1,0,0,0,0,0,0,0,,,,,,,,,,0,0
412,force,n,concept,,0,0,,,,,0,0,0,0,0,0,0,0,0,0,,,,,,,,,,0,0
427,design,n,concept,,0,0,,,,,0,0,0,0,0,0,0,0,0,0,,,,,,,,,,0,1
431,story,n,concept,,0,0,,,,,0,0,0,0,0,0,0,0,0,0,,,,,,,,,,0,0
434,radio,n,object,,0,0,,,,,0,0,0,0,0,0,0,0,0,0,,,,,,,,,,0,-1
444,society,n,concept,,0,0,,,,,0,0,0,0,0,0,0,0,0,0,,,,,,,,,,0,1
447,board,n,concept,,0,1,,,,,0,0,0,0,0,0,0,0,0,0,,,,,,,,,,0,0
448,project,n,concept,,0,0,,,,,0,0,0,0,0,0,0,0,0,0,,,,,,,,,,0,0
451,position,n,location,,0,0,,,,,0,0,0,0,0,0,0,0,0,0,,,,,,,,,,0,0
456,control,n,concept,,0,0,,,,,0,0,0,0,0,0,0,0,0,0,,,,,,,,,,0,0
468,list,n,concept,,0,1,,,,,0,0,0,0,0,0,0,0,0,0,,,,,,,,,,0,0
472,style,n,concept,,0,0,,,,,0,0,0,0,0,0,0,0,0,0,,,,,,,,,,0,0
476,summer,n,time,,0,0,,,,,0,0,0,1,0,0,0,0,0,0,,,,,,,,,,0,0
482,event,n,event,,0,0,,,,,0,0,0,0,0,0,0,0,0,0,,,,,,,,,,0,1
486,race,n,event,,0,0,,,,,0,0,0,0,0,0,0,0,0,0,,,,,,,,,,0,1
488,others,n,"third person, plural",,0,0,,,,,0,0,0,0,0,0,0,0,0,0,,,,,,,,,,0,0
489,language,n,concept,,0,0,,,,,0,0,0,0,0,0,0,0,0,0,,,,,,,,,,0,1
494,example,n,concept,,0,0,,,,,0,0,0,0,0,0,0,0,0,0,,,,,,,,,,0,1
500,police,n,person,,1,0,,,,,0,0,0,0,0,0,0,0,0,0,,,,,,,,,,0,0
507,case,n,concept,,0,0,,,,,0,0,0,0,0,0,0,0,0,0,,,,,,,,,,0,0
511,term,n,concept,,0,0,,,,,0,0,0,0,0,0,0,0,0,0,,,,,,,,,,0,1
512,result,n,concept,,0,0,,,,,0,0,0,0,0,0,0,0,0,0,,,,,,,,,,0,0
529,health,n,concept,,0,0,,,,,0,0,0,0,0,0,0,0,0,0,,,,,,,,,,0,0
533,training,n,concept,,0,0,,,,,0,0,0,0,0,0,0,0,0,0,,,,,,,,,,0,0
543,information,n,concept,,0,0,,,,,0,0,0,0,0,0,0,0,0,0,,,,,,,,,,0,1
545,science,n,concept,,0,0,,,,,0,0,0,0,0,0,0,0,0,0,,,,,,,,,,0,1
547,rock,n,object,,0,1,,,,,0,0,0,0,0,0,0,0,0,0,,,,,,,,,,0,-1
553,media,n,entity,,0,0,,,,,0,0,0,0,0,0,0,0,0,0,,,,,,,,,,0,0
556,body,n,entity,,0,0,,,,,0,0,0,0,0,0,0,0,0,0,,,,,,,,,,0,-1
559,performance,n,process,,0,0,,,,,0,0,0,0,0,0,0,0,0,0,,,,,,,,,,0,0
566,fire,n,concept,,0,0,,,,,0,0,0,0,0,0,0,0,0,0,,,,,,,,,,0,-1
575,range,n,concept,,0,0,,,,,0,0,0,0,0,0,0,0,0,0,,,,,,,,,,0,0
582,light,n,entity,,0,0,,,,,0,0,0,0,0,0,0,0,0,0,,,,,,,,,,0,0
586,daughter,n,"person, feminine",,1,0,,,,,0,0,0,0,0,0,0,0,0,0,,,,,,,,,,1,0
590,stage,n,location,,0,0,,,,,0,0,0,0,0,0,0,0,0,0,,,,,,,,,,0,0
591,mother,n,"person, feminine",,1,0,,,,,0,0,0,0,0,0,0,0,0,0,,,,,,,,,,1,0
592,process,n,,,0,0,,,,,0,0,0,0,1,0,0,0,0,0,,,,,,,,,,0,0
593,official,n,,,0,0,,,,,0,0,0,0,0,0,0,0,0,0,,,,,,,,,,0,0
605,brother,n,,,1,0,,,,,0,0,0,0,0,0,0,0,0,0,,,,,,,,,,-1,0
606,study,n,,,0,0,,,,,0,0,0,0,0,0,0,0,0,0,,,,,,,,,,0,0
612,night,n,,,0,0,,,,,0,0,0,0,0,0,0,0,0,0,,,,,,,,,,0,0
616,sea,n,,,0,1,,,,,0,0,0,0,0,0,0,0,0,0,,,,,,,,,,0,-1
622,space,n,,,0,0,,,,,0,0,0,0,0,0,0,0,0,0,,,,,,,,,,0,0
626,character,n,,,0,0,,,,,0,0,0,0,0,0,0,0,0,0,,,,,,,,,,0,0
627,star,n,,,0,1,,,,,0,0,0,0,0,0,0,0,0,0,,,,,,,,,,0,0
641,section,n,,,0,0,,,,,0,0,0,0,0,0,0,0,0,0,,,,,,,,,,0,0
643,news,n,,,0,0,,,,,0,0,0,0,0,0,0,0,0,0,,,,,,,,,,0,0
646,network,n,,,0,0,,,,,0,0,0,0,0,0,0,0,0,0,,,,,,,,,,0,1
647,campaign,n,,,0,0,,,,,0,0,0,0,0,0,0,0,0,0,,,,,,,,,,0,0
649,type,n,,,0,0,,,,,0,0,0,0,0,0,0,0,0,0,,,,,,,,,,0,0
660,week,n,,,0,0,,,,,0,0,0,1,0,0,0,0,0,0,,,,,,,,,,0,0
664,conference,n,,,0,0,,,,,0,0,0,0,0,0,0,0,0,0,,,,,,,,,,0,0
672,action,n,,,0,0,,,,,0,0,0,0,0,1,0,0,0,0,,,,,,,,,,0,0
679,car,n,,,0,1,,,,,0,0,0,0,0,0,0,0,0,0,,,,,,,,,,0,-1
682,degree,n,,,0,0,,,,,0,0,0,0,0,0,0,0,0,0,,,,,,,,,,0,1
683,model,n,,,0,1,,,,,0,0,0,0,0,0,0,0,0,0,,,,,,,,,,0,0
691,movement,n,,,0,0,,,,,0,0,0,0,0,1,0,0,0,0,,,,,,,,,,0,1
692,size,n,,,0,0,,,,,0,0,0,0,0,0,0,0,0,0,,,,,,,,,,0,0
697,market,n,,,0,0,,,,,0,0,0,0,0,0,0,0,0,0,,,,,,,,,,0,0
698,ground,n,,,0,0,,,,,0,0,0,0,0,0,0,0,0,0,,,,,,,,,,0,0
703,data,n,,,0,0,,,,,0,0,0,0,0,0,0,0,0,0,,,,,,,,,,0,1
706,success,n,,,0,0,,,,,0,0,0,0,0,0,0,0,0,0,,,,,,,,,,0,1
707,industry,n,,,0,0,,,,,0,0,0,0,0,0,0,0,0,0,,,,,,,,,,0,0
710,attack,n,,,0,0,,,,,0,0,0,0,0,0,0,0,0,0,,,,,,,,,,0,1
713,management,n,,,0,0,,,,,0,0,0,0,0,0,0,0,0,0,,,,,,,,,,0,0
716,organization,n,,,0,1,,,,,0,0,0,0,0,0,0,0,0,0,,,,,,,,,,0,-1
726,technology,n,,,0,0,,,,,0,0,0,0,0,0,0,0,0,0,,,,,,,,,,0,1
727,bank,n,,,0,0,,,,,0,0,1,0,0,0,0,0,0,0,,,,,,,,,,0,-1
756,culture,n,,,0,0,,,,,0,0,0,0,0,0,0,0,0,0,,,,,,,,,,0,1
765,future,n,,,0,0,,,,,0,0,0,0,0,0,0,0,0,0,,,,,,,,,,0,1
778,structure,n,,,0,0,,,,,0,0,0,0,0,0,0,0,0,0,,,,,,,,,,0,0
780,hospital,n,,,0,0,,,,,0,0,1,0,0,0,0,0,0,0,,,,,,,,,,0,-1
783,operation,n,,,0,0,,,,,0,0,0,0,0,0,0,0,0,0,,,,,,,,,,0,0
785,interest,n,,,0,0,,,,,0,0,0,0,0,0,0,0,0,0,,,,,,,,,,0,1
788,professor,n,,,1,0,,,,,0,0,0,0,0,0,0,0,0,0,,,,,,,,,,0,0
791,standard,n,,,0,0,,,,,0,0,0,0,0,0,0,0,0,0,,,,,,,,,,0,1
798,goal,n,,,0,0,,,,,0,0,0,0,0,0,0,0,0,0,,,,,,,,,,0,0
809,student,n,,,1,0,,,,,0,0,0,0,0,0,0,0,0,0,,,,,,,,,,0,0
815,trade,n,,,0,0,,,,,0,0,0,0,0,0,0,0,0,0,,,,,,,,,,0,1
820,staff,n,,,1,0,,,,,0,0,0,0,0,0,0,0,0,0,,,,,,,,,,0,0
828,food,n,,,0,1,,,,,0,0,0,0,0,0,0,0,0,0,,,,,,,,,,0,-1
832,leader,n,,,1,0,,,,,0,0,0,0,0,0,0,0,0,0,,,,,,,,,,0,0
833,money,n,,,0,1,,,,,0,0,0,0,0,0,0,0,0,0,,,,,,,,,,0,1
835,energy,n,,,0,0,,,,,0,0,0,0,0,0,0,0,0,0,,,,,,,,,,0,1
848,child,n,,,1,0,,,,,0,0,0,0,0,0,0,0,0,0,,,,,,,,,,0,0
850,hand,n,,,0,1,,,,,0,0,0,0,0,0,0,0,0,0,,,,,,,,,,0,-1
856,plan,n,,,0,0,,,,,0,0,0,0,0,0,0,0,0,0,,,,,,,,,,0,1
858,property,n,,,0,0,,,,,0,0,0,0,0,0,0,0,0,0,,,,,,,,,,0,0
863,unit,n,,,0,0,,,,,0,0,0,0,0,0,0,0,0,0,,,,,,,,,,0,0
866,officer,n,,,1,0,,,,,0,0,0,0,0,0,0,0,0,0,,,,,,,,,,0,0
895,practice,n,,,0,0,,,,,0,0,0,0,0,0,0,0,0,0,,,,,,,,,,0,0
900,person,n,,,0,0,,,,,0,0,0,0,0,0,0,0,0,0,,,,,,,,,,0,0
907,seat,n,,,0,1,,,,,0,0,0,0,0,0,0,0,0,0,,,,,,,,,,0,-1
916,sound,n,,,0,0,,,,,0,0,0,0,0,0,0,0,0,0,,,,,,,,,,0,0
918,manager,n,,,1,0,,,,,0,0,0,0,0,0,0,0,0,0,,,,,,,,,,0,0
921,room,n,,,0,0,,,,,0,0,1,0,0,0,0,0,0,0,,,,,,,,,,0,0
929,individual,n,,,0,0,,,,,0,0,0,0,0,0,0,0,0,0,,,,,,,,,,0,0
932,policy,n,,,0,0,,,,,0,0,0,0,0,0,0,0,0,0,,,,,,,,,,0,0
934,woman,n,,,1,0,,,,,0,0,0,0,0,0,0,0,0,0,,,,,,,,,,1,-1
937,bill,n,,,0,0,,,,,0,0,0,0,0,0,0,0,0,0,,,,,,,,,,0,1
941,administration,n,,,0,0,,,,,0,0,0,0,0,0,0,0,0,0,,,,,,,,,,0,0
944,executive,n,,,1,0,,,,,0,0,0,0,0,0,0,0,0,0,,,,,,,,,,0,0
946,month,n,,,0,0,,,,,0,0,0,1,0,0,0,0,0,0,,,,,,,,,,0,0
949,security,n,,,0,0,,,,,0,0,0,0,0,0,0,0,0,0,,,,,,,,,,0,0
952,loss,n,,,0,0,,,,,0,0,0,0,0,0,0,0,0,0,,,,,,,,,,0,0
959,rest,n,,,0,0,,,,,0,0,0,0,0,0,0,0,0,0,,,,,,,,,,0,0
960,artist,n,,,1,0,,,,,0,0,0,0,0,0,0,0,0,0,,,,,,,,,,0,0
963,source,n,,,0,0,,,,,0,0,0,0,0,0,0,0,0,0,,,,,,,,,,0,0
971,test,n,,,0,0,,,,,0,0,0,0,0,0,0,0,0,0,,,,,,,,,,0,0
980,fact,n,,,0,0,,,,,0,0,0,0,0,0,0,0,0,0,,,,,,,,,,0,0
985,thought,n,,,0,0,,,,,0,0,0,0,0,0,0,0,0,0,,,,,,,,,,0,1
987,decision,n,,,0,0,,,,,0,0,0,0,0,0,0,0,0,0,,,,,,,,,,0,0
991,issue,n,,,0,0,,,,,0,0,0,0,0,0,0,0,0,0,,,,,,,,,,0,0
328,us,p,,,1,0,,,,,0,0,0,0,0,0,0,0,0,0,,,,,,,,,,0,0
408,you,p,,,1,0,,,,,0,0,0,0,0,0,0,0,0,0,,,,,,,,,,0,0
450,we,p,,,1,0,,,,,0,0,0,0,0,0,0,0,0,0,,,,,,,,,,0,0
528,himself,p,,,1,0,,,,,0,0,0,0,0,0,0,0,0,0,,,,,,,,,,0,0
817,itself,p,,,0,0,,,,,0,0,0,0,0,0,0,0,0,0,,,,,,,,,,0,0
857,me,p,,,1,0,,,,,0,0,0,0,0,0,0,0,0,0,,,,,,,,,,0,0
246,off,r,,,0,0,,,,,0,0,0,0,0,0,0,0,0,0,,,,,,,,,,0,0
268,very,r,,,0,0,,,,,0,0,0,0,0,0,0,0,0,0,,,,,,,,,,0,0
269,still,r,,,0,0,,,,,0,0,0,0,0,0,0,0,0,0,,,,,,,,,,0,0
290,often,r,,,0,0,,,,,0,0,0,1,0,0,0,0,0,0,,,,,,,,,,0,0
298,down,r,,,0,0,,,,,0,0,1,0,0,0,0,0,0,0,,,,,,,,,,0,0
301,again,r,,,0,0,,,,,0,0,0,1,0,0,0,0,0,0,,,,,,,,,,0,0
306,just,r,,,0,0,,,,,0,0,0,0,0,0,0,0,0,0,,,,,,,,,,0,0
322,even,r,,,0,0,,,,,0,0,0,0,0,0,0,0,0,0,,,,,,,,,,0,0
401,right,r,,,0,0,,,,,0,0,0,0,0,0,0,0,0,0,,,,,,,,,,0,0
411,together,r,,,0,0,,,,,0,0,0,0,0,0,0,0,0,0,,,,,,,,,,0,0
461,once,r,,,0,0,,,,,0,0,0,1,0,0,0,1,0,0,,,,,,,,,,0,0
524,never,r,,,0,0,,,,,0,0,0,1,0,0,0,0,0,0,,,,,,,,,,0,0
526,how,r,,,0,0,,,,,0,0,0,0,0,0,0,0,0,0,,,,,,,,,,0,0
548,away,r,,,0,0,,,,,0,0,1,0,0,0,0,0,0,0,,,,,,,,,,0,0
569,less,r,,,0,0,,,,,0,0,0,0,0,0,1,0,0.5,-1,,,,,,,,,,0,0
628,usually,r,,,0,0,,,,,0,0,0,1,0,0,0,0,0,0,,,,,,,,,,0,0
636,thus,r,,,0,0,,,,,0,0,0,0,0,0,0,0,0,0,,,,,,,,,,0,0
637,instead,r,,,0,0,,,,,0,0,0,0,0,0,0,0,0,0,,,,,,,,,,0,0
667,either,r,,,0,0,,,,,0,0,0,0,0,0,0,0,0,0,,,,,,,,,,0,0
674,soon,r,,,0,0,,,,,0,0,0,0,0,0,0,0,0,0,,,,,,,,,,0,0
680,today,r,,,0,0,,,,,0,0,0,1,0,0,0,0,0,0,,,,,,,,,,0,0
700,rather,r,,,0,0,,,,,0,0,0,0,0,0,0,0,0,0,,,,,,,,,,0,0
702,almost,r,,,0,0,,,,,0,0,0,0,0,0,0,0,0,0,,,,,,,,,,0,0
717,least,r,,,0,0,,,,,0,0,0,0,0,0,1,0,1,-1,,,,,,,,,,0,0
782,ever,r,,,0,0,,,,,0,0,0,1,0,0,0,0,0,0,,,,,,,,,,0,0
793,far,r,,,0,0,,,,,0,0,1,0,0,0,0,0,0,0,,,,,,,,,,0,0
797,too,r,,,0,0,,,,,0,0,0,0,0,0,0,0,0,0,,,,,,,,,,0,0
803,sometimes,r,,,0,0,,,,,0,0,0,1,0,0,0,0,0,0,,,,,,,,,,0,0
807,especially,r,,,0,0,,,,,0,0,0,0,0,0,0,0,0,0,,,,,,,,,,0,0
842,course,r,,,0,0,,,,,0,0,0,0,0,0,0,0,0,0,,,,,,,,,,0,0
917,finally,r,,,0,0,,,,,0,0,0,1,0,0,0,0,0,0,,,,,,,,,,0,0
939,here,r,,,0,0,,,,,0,0,1,0,0,0,0,0,0,0,,,,,,,,,,0,0
947,already,r,,,0,0,,,,,0,0,0,1,0,0,0,0,0,0,,,,,,,,,,0,0
231,show,v,,,0,0,,,,,0,0,0,0,0,1,0,0,0,0,,,,,,,,,,0,0
234,include,v,,,0,0,,,,,0,0,0,0,0,1,0,0,0,0,,,,,,,,,,0,0
251,set,v,,,0,0,,,,,0,0,0,0,0,1,0,0,0,0,,,,,,,,,,0,0
287,play,v,,,0,0,,,,,0,0,0,0,0,1,0,0,0,0,,,,,,,,,,0,0
335,support,v,,,0,0,,,,,0,0,0,0,0,1,0,0,0,0,,,,,,,,,,0,0
339,make,v,,,0,0,,,,,0,0,0,0,0,1,0,0,0,0,,,,,,,,,,0,0
356,do,v,,,0,0,,,,,0,0,0,0,0,1,0,0,0,0,,,,,,,,,,0,0
369,become,v,,,0,0,,,,,0,0,0,0,0,1,0,0,0,0,,,,,,,,,,0,0
390,take,v,,,0,0,,,,,0,0,0,0,0,1,0,0,0,0,,,,,,,,,,0,0
414,run,v,,,0,0,,,,,0,0,0,0,0,1,0,0,0,0,,,,,,,,,,0,0
422,open,v,,,0,0,,,,,0,0,0,0,0,1,0,0,0,0,,,,,,,,,,0,0
423,act,v,,,0,0,,,,,0,0,0,0,0,1,0,0,0,0,,,,,,,,,,0,0
440,live,v,,,0,0,,,,,0,0,0,0,0,1,0,0,0,0,,,,,,,,,,0,0
457,present,v,,,0,0,,,,,0,0,0,0,0,1,0,0,0,0,,,,,,,,,,0,0
464,win,v,,,0,0,,,,,0,0,0,0,0,1,0,0,0,0,,,,,,,,,,0,0
496,see,v,,,0,0,,,,,0,0,0,0,0,1,0,0,0,0,,,,,,,,,,0,0
501,lead,v,,,0,0,,,,,0,0,0,0,0,1,0,0,0,0,,,,,,,,,,0,0
573,love,v,,,0,0,,,,,0,0,0,0,0,1,0,0,0,0,,,,,,,,,,0,0
577,return,v,,,0,0,,,,,0,0,0,0,0,1,0,0,0,0,,,,,,,,,,0,0
580,should,v,,,0,0,,,,,0,0,0,0,0,1,0,0,0,0,,,,,,,,,,0,0
597,go,v,,,0,0,,,,,0,0,0,0,0,1,0,0,0,0,,,,,,,,,,0,0
613,help,v,,,0,0,,,,,0,0,0,0,0,1,0,0,0,0,,,,,,,,,,0,0
635,must,v,,,0,0,,,,,0,0,0,0,0,1,0,0,0,0,,,,,,,,,,0,0
638,get,v,,,0,0,,,,,0,0,0,0,0,1,0,0,0,0,,,,,,,,,,0,0
657,close,v,,,0,0,,,,,0,0,0,0,0,1,0,0,0,0,,,,,,,,,,0,0
684,change,v,,,0,0,,,,,0,0,0,0,0,1,0,0,0,0,,,,,,,,,,0,0
688,base,v,,,0,0,,,,,0,0,0,0,0,1,0,0,0,0,,,,,,,,,,0,0
742,provide,v,,,0,0,,,,,0,0,0,0,0,1,0,0,0,0,,,,,,,,,,0,0
762,start,v,,,0,0,,,,,0,0,0,0,0,1,0,0,0,0,,,,,,,,,,0,0
770,put,v,,,0,1,,,,,0,0,0,0,0,1,0,0,0,0,,,,,,,,,,0,-1
808,hit,v,,,0,0,,,,,0,0,0,0,0,1,0,0,0,0,,,,,,,,,,0,0
816,come,v,,,0,0,,,,,0,0,0,0,0,1,0,0,0,0,,,,,,,,,,0,0
920,report,v,,,0,0,,,,,0,0,0,0,0,1,0,0,0,0,,,,,,,,,,0,0
930,find,v,,,0,0,,,,,0,0,0,0,0,1,0,0,0,0,,,,,,,,,,0,0
936,move,v,,,0,0,,,,,0,0,0,0,0,1,0,0,0,0,,,,,,,,,,0,0
995,give,v,,,0,0,,,,,0,0,0,0,0,1,0,0,0,0,,,,,,,,,,0,0
428,royal,j,,,,,,,,,,,,,,,,,,,,,,,,,,,,,
429,union,n,concept,,,,,,,,,,,,,,,,,,,,,,,,,,,,
436,version,n,concept,,,,,,,,,,,,,,,,,,,,,,,,,,,,
437,england,n,country,,,,,,,,,,,,,,,,,,,,,,,,,,,,
443,department,n,location,,,,,,,,,,,,,,,,,,,,,,,,,,,,
445,european,j,[europe],,,,,,,,,,,,,,,,,,,,,,,,,,,,
452,post,n,object,,,,,,,,,,,,,,,,,,,,,,,,,,,,
459,match,v,,,,,,,,,,,,,,,,,,,,,,,,,,,,,
462,release,v,,,,,,,,,,,,,,,,,,,,,,,,,,,,,
474,video,n,entity,,,,,,,,,,,,,,,,,,,,,,,,,,,,
480,average,j,,,,,,,,,,,,,,,,,,,,,,,,,,,,,
481,formula,n,concept,,,,,,,,,,,,,,,,,,,,,,,,,,,,
483,hall,n,location,,,,,,,,,,,,,,,,,,,,,,,,,,,,
485,modern,j,,,,,,,,,,,,,,,,,,,,,,,,,,,,,
491,construction,n,process,,,,,,,,,,,,,,,,,,,,,,,,,,,,
492,battle,n,event,,,,,,,,,,,,,,,,,,,,,,,,,,,,
499,professional,j,,,,,,,,,,,,,,,,,,,,,,,,,,,,,
505,addition,n,concept,,,,,,,,,,,,,,,,,,,,,,,,,,,,
510,track,n,location,,,,,,,,,,,,,,,,,,,,,,,,,,,,
518,debut,n,concept,,,,,,,,,,,,,,,,,,,,,,,,,,,,
519,originally,r,,,,,,,,,,,,,,,,,,,,,,,,,,,,,
527,railway,n,entity,,,,,,,,,,,,,,,,,,,,,,,,,,,,
532,minister,n,person,,,,,,,,,,,,,,,,,,,,,,,,,,,,
542,census,n,process,,,,,,,,,,,,,,,,,,,,,,,,,,,,
546,currently,r,,,,,,,,,,,,,,,,,,,,,,,,,,,,,
550,chief,n,person,,,,,,,,,,,,,,,,,,,,,,,,,,,,
557,museum,n,location,,,,,,,,,,,,,,,,,,,,,,,,,,,,
561,eventually,r,,,,,,,,,,,,,,,,,,,,,,,,,,,,,
563,route,n,location,,,,,,,,,,,,,,,,,,,,,,,,,,,,
572,tour,n,process,,,,,,,,,,,,,,,,,,,,,,,,,,,,
578,lake,n,location,,,,,,,,,,,,,,,,,,,,,,,,,,,,
579,committee,n,entity,,,,,,,,,,,,,,,,,,,,,,,,,,,,
584,festival,n,event,,,,,,,,,,,,,,,,,,,,,,,,,,,,
587,centre,n,location,,,,,,,,,,,,,,,,,,,,,,,,,,,,
604,coach,v,,,,,,,,,,,,,,,,,,,,,,,,,,,,,
617,episode,n,event,,,,,,,,,,,,,,,,,,,,,,,,,,,,
621,institute,n,location,,,,,,,,,,,,,,,,,,,,,,,,,,,,
644,competition,n,concept,,,,,,,,,,,,,,,,,,,,,,,,,,,,
648,civil,j,,,,,,,,,,,,,,,,,,,,,,,,,,,,,
651,tournament,n,event,,,,,,,,,,,,,,,,,,,,,,,,,,,,
655,academy,n,location,,,,,,,,,,,,,,,,,,,,,,,,,,,,
658,gold,n,object,,,,,,,,,,,,,,,,,,,,,,,,,,,,
670,aircraft,n,object,,,,,,,,,,,,,,,,,,,,,,,,,,,,
677,independent,j,,,,,,,,,,,,,,,,,,,,,,,,,,,,,
693,capital,n,location,,,,,,,,,,,,,,,,,,,,,,,,,,,,
695,grand,j,,,,,,,,,,,,,,,,,,,,,,,,,,,,,
699,lower,j,,,,,,,,,,,,,,,,,,,,,,,,,,,,,
705,magazine,n,object,,,,,,,,,,,,,,,,,,,,,,,,,,,,
708,mid,j,,,,,,,,,,,,,,,,,,,,,,,,,,,,,
722,kingdom,n,location,,,,,,,,,,,,,,,,,,,,,,,,,,,,
739,coast,n,location,,,,,,,,,,,,,,,,,,,,,,,,,,,,
740,studio,n,location,,,,,,,,,,,,,,,,,,,,,,,,,,,,
749,bridge,n,location,,,,,,,,,,,,,,,,,,,,,,,,,,,,
761,regular,j,,,,,,,,,,,,,,,,,,,,,,,,,,,,,
767,cross,n,object,,,,,,,,,,,,,,,,,,,,,,,,,,,,
769,native,j,,,,,,,,,,,,,,,,,,,,,,,,,,,,,
771,valley,n,location,,,,,,,,,,,,,,,,,,,,,,,,,,,,
776,theatre,n,location,,,,,,,,,,,,,,,,,,,,,,,,,,,,
784,active,j,,,,,,,,,,,,,,,,,,,,,,,,,,,,,
805,collection,n,concept,,,,,,,,,,,,,,,,,,,,,,,,,,,,
811,square,n,concept,,,,,,,,,,,,,,,,,,,,,,,,,,,,
814,contract,n,concept,,,,,,,,,,,,,,,,,,,,,,,,,,,,
819,medal,n,object,,,,,,,,,,,,,,,,,,,,,,,,,,,,
826,location,n,location,,,,,,,,,,,,,,,,,,,,,,,,,,,,
836,commission,n,entity,,,,,,,,,,,,,,,,,,,,,,,,,,,,
838,republic,n,concept,,,,,,,,,,,,,,,,,,,,,,,,,,,,
845,ship,n,object,,,,,,,,,,,,,,,,,,,,,,,,,,,,
846,commercial,j,,,,,,,,,,,,,,,,,,,,,,,,,,,,,
847,notable,j,,,,,,,,,,,,,,,,,,,,,,,,,,,,,
849,command,v,,,,,,,,,,,,,,,,,,,,,,,,,,,,,
852,brown,j,,,,,,,,,,,,,,,,,,,,,,,,,,,,,
854,province,n,location,,,,,,,,,,,,,,,,,,,,,,,,,,,,
855,income,n,concept,,,,,,,,,,,,,,,,,,,,,,,,,,,,
861,foundation,n,entity,,,,,,,,,,,,,,,,,,,,,,,,,,,,
872,channel,n,concept,,,,,,,,,,,,,,,,,,,,,,,,,,,,
873,library,n,location,,,,,,,,,,,,,,,,,,,,,,,,,,,,
874,saint,n,person,,,,,,,,,,,,,,,,,,,,,,,,,,,,
876,annual,n,time,,,,,,,,,,,,,,,,,,,,,,,,,,,,
879,novel,j,,,,,,,,,,,,,,,,,,,,,,,,,,,,,
880,numerous,j,,,,,,,,,,,,,,,,,,,,,,,,,,,,,
889,catholic,j,,,,,,,,,,,,,,,,,,,,,,,,,,,,,
890,length,n,concept,,,,,,,,,,,,,,,,,,,,,,,,,,,,
892,access,n,concept,,,,,,,,,,,,,,,,,,,,,,,,,,,,
901,additional,r,,,,,,,,,,,,,,,,,,,,,,,,,,,,,
909,press,n,entity,,,,,,,,,,,,,,,,,,,,,,,,,,,,
910,musical,j,,,,,,,,,,,,,,,,,,,,,,,,,,,,,
912,parliament,n,entity,,,,,,,,,,,,,,,,,,,,,,,,,,,,
914,navy,n,entity,,,,,,,,,,,,,,,,,,,,,,,,,,,,
922,assembly,n,entity,,,,,,,,,,,,,,,,,,,,,,,,,,,,
925,victory,n,concept,,,,,,,,,,,,,,,,,,,,,,,,,,,,
928,background,n,location,,,,,,,,,,,,,,,,,,,,,,,,,,,,
943,famous,j,,,,,,,,,,,,,,,,,,,,,,,,,,,,,
945,edition,n,concept,,,,,,,,,,,,,,,,,,,,,,,,,,,,
955,complete,j,,,,,,,,,,,,,,,,,,,,,,,,,,,,,
966,majority,n,concept,,,,,,,,,,,,,,,,,,,,,,,,,,,,
967,youth,n,concept,,,,,,,,,,,,,,,,,,,,,,,,,,,,
968,appearance,n,concept,,,,,,,,,,,,,,,,,,,,,,,,,,,,
969,review,n,concept,,,,,,,,,,,,,,,,,,,,,,,,,,,,
974,mark,v,,,,,,,,,,,,,,,,,,,,,,,,,,,,,
976,mission,n,concept,,,,,,,,,,,,,,,,,,,,,,,,,,,,
978,feature,n,concept,,,,,,,,,,,,,,,,,,,,,,,,,,,,
982,complex,j,,,,,,,,,,,,,,,,,,,,,,,,,,,,,
984,engine,n,object,,,,,,,,,,,,,,,,,,,,,,,,,,,,
990,stone,n,object,,,,,,,,,,,,,,,,,,,,,,,,,,,,
997,chart,n,object,,,,,,,,,,,,,,,,,,,,,,,,,,,,
999,empire,n,entity,,,,,,,,,,,,,,,,,,,,,,,,,,,,
